,cities,iter,epoch,cost,model_name
0,,50,,0,6.809110472289754,MultilayerTransformerBlockModel
0,,50,,0,6.126837401848079,MultilayerTransformerBlockModel
0,,50,,0,6.351287195500166,MultilayerTransformerBlockModel
0,,50,,0,6.884300579976945,MultilayerTransformerBlockModel
0,,50,,0,6.691693519362459,MultilayerTransformerBlockModel
0,,50,,0,6.750881732200963,MultilayerTransformerBlockModel
0,,50,,0,6.672616510349934,MultilayerTransformerBlockModel
0,,50,,0,6.645996400121886,MultilayerTransformerBlockModel
0,,50,,0,8.10817048512945,MultilayerTransformerBlockModel
0,,50,,0,5.968849087517325,MultilayerTransformerBlockModel
0,,50,,0,6.9287258202663455,MultilayerTransformerBlockModel
0,,50,,0,7.000078625331867,MultilayerTransformerBlockModel
0,,50,,0,7.100853067076227,MultilayerTransformerBlockModel
0,,50,,0,6.673833590389797,MultilayerTransformerBlockModel
0,,50,,0,6.5560646765046,MultilayerTransformerBlockModel
0,,50,,0,6.8466235430985165,MultilayerTransformerBlockModel
0,,50,,0,8.023346322368704,MultilayerTransformerBlockModel
0,,50,,0,6.772909648558972,MultilayerTransformerBlockModel
0,,50,,0,6.351266337655145,MultilayerTransformerBlockModel
0,,50,,0,6.45719894062344,MultilayerTransformerBlockModel
0,,50,,0,6.792597276028581,MultilayerTransformerBlockModel
0,,50,,0,6.120346711924867,MultilayerTransformerBlockModel
0,,50,,0,7.356095014934044,MultilayerTransformerBlockModel
0,,50,,0,7.416479749074286,MultilayerTransformerBlockModel
0,,50,,0,6.918398075849057,MultilayerTransformerBlockModel
0,,50,,0,6.733921401254395,MultilayerTransformerBlockModel
0,,50,,0,6.70655585189756,MultilayerTransformerBlockModel
0,,50,,0,7.548739527314334,MultilayerTransformerBlockModel
0,,50,,0,5.907081552379498,MultilayerTransformerBlockModel
0,,50,,0,7.1263109619935605,MultilayerTransformerBlockModel
0,,50,,0,5.912969515699016,MultilayerTransformerBlockModel
0,,50,,0,6.391572466288673,MultilayerTransformerBlockModel
0,,50,,0,7.057881110543235,MultilayerTransformerBlockModel
0,,50,,0,6.6682225086971405,MultilayerTransformerBlockModel
0,,50,,0,6.942819799125991,MultilayerTransformerBlockModel
0,,50,,0,6.425392783399428,MultilayerTransformerBlockModel
0,,50,,0,6.383833648130634,MultilayerTransformerBlockModel
0,,50,,0,6.559544959621206,MultilayerTransformerBlockModel
0,,50,,0,5.488205131959129,MultilayerTransformerBlockModel
0,,50,,0,6.9477389261598415,MultilayerTransformerBlockModel
0,,50,,0,7.04349002607104,MultilayerTransformerBlockModel
0,,50,,0,6.71438138709737,MultilayerTransformerBlockModel
0,,50,,0,6.816916231109177,MultilayerTransformerBlockModel
0,,50,,0,6.7580448324784355,MultilayerTransformerBlockModel
0,,50,,0,7.154394873963227,MultilayerTransformerBlockModel
0,,50,,0,5.950679247677953,MultilayerTransformerBlockModel
0,,50,,0,7.195770583246223,MultilayerTransformerBlockModel
0,,50,,0,6.566742716316181,MultilayerTransformerBlockModel
0,,50,,0,6.292162399573046,MultilayerTransformerBlockModel
0,,50,,0,5.754369844087765,MultilayerTransformerBlockModel
0,,50,,1,7.051447802708796,MultilayerTransformerBlockModel
0,,50,,1,7.015656468773552,MultilayerTransformerBlockModel
0,,50,,1,7.439920335401284,MultilayerTransformerBlockModel
0,,50,,1,6.01190487142273,MultilayerTransformerBlockModel
0,,50,,1,5.7134792369707235,MultilayerTransformerBlockModel
0,,50,,1,5.656976240412114,MultilayerTransformerBlockModel
0,,50,,1,6.598836816154815,MultilayerTransformerBlockModel
0,,50,,1,7.0690039882382765,MultilayerTransformerBlockModel
0,,50,,1,6.342259199422535,MultilayerTransformerBlockModel
0,,50,,1,7.7869180154117,MultilayerTransformerBlockModel
0,,50,,1,5.873769146591756,MultilayerTransformerBlockModel
0,,50,,1,6.398356036245991,MultilayerTransformerBlockModel
0,,50,,1,6.933692687206094,MultilayerTransformerBlockModel
0,,50,,1,6.09023455751064,MultilayerTransformerBlockModel
0,,50,,1,6.149984675461961,MultilayerTransformerBlockModel
0,,50,,1,7.1501260225780445,MultilayerTransformerBlockModel
0,,50,,1,5.859041404766769,MultilayerTransformerBlockModel
0,,50,,1,6.837010282002715,MultilayerTransformerBlockModel
0,,50,,1,6.4808454739823524,MultilayerTransformerBlockModel
0,,50,,1,7.380462583412184,MultilayerTransformerBlockModel
0,,50,,1,7.273755414081492,MultilayerTransformerBlockModel
0,,50,,1,6.451853638490803,MultilayerTransformerBlockModel
0,,50,,1,7.138689695214669,MultilayerTransformerBlockModel
0,,50,,1,7.563836072128827,MultilayerTransformerBlockModel
0,,50,,1,6.725543144661415,MultilayerTransformerBlockModel
0,,50,,1,6.928068165334582,MultilayerTransformerBlockModel
0,,50,,1,6.478479934273595,MultilayerTransformerBlockModel
0,,50,,1,6.797261054380163,MultilayerTransformerBlockModel
0,,50,,1,7.011013450883154,MultilayerTransformerBlockModel
0,,50,,1,6.432893367537628,MultilayerTransformerBlockModel
0,,50,,1,6.388107695250433,MultilayerTransformerBlockModel
0,,50,,1,7.0643131335922345,MultilayerTransformerBlockModel
0,,50,,1,6.311035594999863,MultilayerTransformerBlockModel
0,,50,,1,7.150309274984436,MultilayerTransformerBlockModel
0,,50,,1,5.922170750053148,MultilayerTransformerBlockModel
0,,50,,1,6.116111417935765,MultilayerTransformerBlockModel
0,,50,,1,6.4748177050165525,MultilayerTransformerBlockModel
0,,50,,1,6.910785047453173,MultilayerTransformerBlockModel
0,,50,,1,6.65658944864912,MultilayerTransformerBlockModel
0,,50,,1,6.7399779774000095,MultilayerTransformerBlockModel
0,,50,,1,6.121933470826171,MultilayerTransformerBlockModel
0,,50,,1,7.599773800358683,MultilayerTransformerBlockModel
0,,50,,1,6.482527346410945,MultilayerTransformerBlockModel
0,,50,,1,6.084542488135862,MultilayerTransformerBlockModel
0,,50,,1,6.710330743243325,MultilayerTransformerBlockModel
0,,50,,1,6.862596327599475,MultilayerTransformerBlockModel
0,,50,,1,6.775110303377286,MultilayerTransformerBlockModel
0,,50,,1,6.997358754647938,MultilayerTransformerBlockModel
0,,50,,1,6.730611330232643,MultilayerTransformerBlockModel
0,,50,,1,6.752768199153312,MultilayerTransformerBlockModel
0,,50,,2,6.6201136385858685,MultilayerTransformerBlockModel
0,,50,,2,5.732800075430341,MultilayerTransformerBlockModel
0,,50,,2,6.597730704129316,MultilayerTransformerBlockModel
0,,50,,2,6.373297037204872,MultilayerTransformerBlockModel
0,,50,,2,6.696733590713224,MultilayerTransformerBlockModel
0,,50,,2,7.195954477245602,MultilayerTransformerBlockModel
0,,50,,2,6.9920169442143,MultilayerTransformerBlockModel
0,,50,,2,7.5987610200874895,MultilayerTransformerBlockModel
0,,50,,2,6.4533537280631545,MultilayerTransformerBlockModel
0,,50,,2,7.209193651779282,MultilayerTransformerBlockModel
0,,50,,2,7.799677415185931,MultilayerTransformerBlockModel
0,,50,,2,6.185961030960227,MultilayerTransformerBlockModel
0,,50,,2,6.476752843553552,MultilayerTransformerBlockModel
0,,50,,2,6.011241696846657,MultilayerTransformerBlockModel
0,,50,,2,6.809262028675781,MultilayerTransformerBlockModel
0,,50,,2,6.17458651119127,MultilayerTransformerBlockModel
0,,50,,2,6.998319647362626,MultilayerTransformerBlockModel
0,,50,,2,6.404969467765115,MultilayerTransformerBlockModel
0,,50,,2,6.42202577000799,MultilayerTransformerBlockModel
0,,50,,2,6.821493998166596,MultilayerTransformerBlockModel
0,,50,,2,6.960596061563647,MultilayerTransformerBlockModel
0,,50,,2,6.988870534256566,MultilayerTransformerBlockModel
0,,50,,2,6.421168901675223,MultilayerTransformerBlockModel
0,,50,,2,6.131139227589866,MultilayerTransformerBlockModel
0,,50,,2,6.929491029966441,MultilayerTransformerBlockModel
0,,50,,2,6.44954732920871,MultilayerTransformerBlockModel
0,,50,,2,6.4619494553406875,MultilayerTransformerBlockModel
0,,50,,2,7.202587251563061,MultilayerTransformerBlockModel
0,,50,,2,6.927556453789607,MultilayerTransformerBlockModel
0,,50,,2,7.018988397684704,MultilayerTransformerBlockModel
0,,50,,2,7.134797709569723,MultilayerTransformerBlockModel
0,,50,,2,6.664024547766793,MultilayerTransformerBlockModel
0,,50,,2,7.375714491721324,MultilayerTransformerBlockModel
0,,50,,2,7.077599510484716,MultilayerTransformerBlockModel
0,,50,,2,7.062525434954272,MultilayerTransformerBlockModel
0,,50,,2,6.736502089163503,MultilayerTransformerBlockModel
0,,50,,2,6.218779445437076,MultilayerTransformerBlockModel
0,,50,,2,6.712197568906611,MultilayerTransformerBlockModel
0,,50,,2,6.222389216704051,MultilayerTransformerBlockModel
0,,50,,2,7.125298884918814,MultilayerTransformerBlockModel
0,,50,,2,7.071934951358204,MultilayerTransformerBlockModel
0,,50,,2,6.417071573575099,MultilayerTransformerBlockModel
0,,50,,2,6.679659996638194,MultilayerTransformerBlockModel
0,,50,,2,7.3110022674663036,MultilayerTransformerBlockModel
0,,50,,2,6.6593643399898435,MultilayerTransformerBlockModel
0,,50,,2,6.94054139590139,MultilayerTransformerBlockModel
0,,50,,2,6.960091073324432,MultilayerTransformerBlockModel
0,,50,,2,5.95388243335771,MultilayerTransformerBlockModel
0,,50,,2,6.446514058650596,MultilayerTransformerBlockModel
0,,50,,2,6.571826168259238,MultilayerTransformerBlockModel
0,,50,,3,6.5900660071238395,MultilayerTransformerBlockModel
0,,50,,3,7.3247584811221556,MultilayerTransformerBlockModel
0,,50,,3,7.170088759956254,MultilayerTransformerBlockModel
0,,50,,3,6.2936774055089595,MultilayerTransformerBlockModel
0,,50,,3,7.518528551015035,MultilayerTransformerBlockModel
0,,50,,3,6.705362133835452,MultilayerTransformerBlockModel
0,,50,,3,5.995451842395646,MultilayerTransformerBlockModel
0,,50,,3,6.534462795062331,MultilayerTransformerBlockModel
0,,50,,3,6.955692448515458,MultilayerTransformerBlockModel
0,,50,,3,6.920184601653122,MultilayerTransformerBlockModel
0,,50,,3,6.929186610641551,MultilayerTransformerBlockModel
0,,50,,3,7.658500055772027,MultilayerTransformerBlockModel
0,,50,,3,6.472792231531457,MultilayerTransformerBlockModel
0,,50,,3,6.564507458253676,MultilayerTransformerBlockModel
0,,50,,3,6.324982267430506,MultilayerTransformerBlockModel
0,,50,,3,6.613616714925631,MultilayerTransformerBlockModel
0,,50,,3,6.5353988320490375,MultilayerTransformerBlockModel
0,,50,,3,6.027143234206742,MultilayerTransformerBlockModel
0,,50,,3,6.8222299178309935,MultilayerTransformerBlockModel
0,,50,,3,6.402374990090315,MultilayerTransformerBlockModel
0,,50,,3,5.914153683655235,MultilayerTransformerBlockModel
0,,50,,3,6.9594376676546315,MultilayerTransformerBlockModel
0,,50,,3,6.2378918590669725,MultilayerTransformerBlockModel
0,,50,,3,6.574750977482548,MultilayerTransformerBlockModel
0,,50,,3,7.395485618310665,MultilayerTransformerBlockModel
0,,50,,3,7.1807626285074635,MultilayerTransformerBlockModel
0,,50,,3,7.602303404626989,MultilayerTransformerBlockModel
0,,50,,3,6.332138024786048,MultilayerTransformerBlockModel
0,,50,,3,6.618566275964682,MultilayerTransformerBlockModel
0,,50,,3,6.7139662906577495,MultilayerTransformerBlockModel
0,,50,,3,6.729369116010207,MultilayerTransformerBlockModel
0,,50,,3,6.214114983581128,MultilayerTransformerBlockModel
0,,50,,3,6.96804439514897,MultilayerTransformerBlockModel
0,,50,,3,6.008034750334692,MultilayerTransformerBlockModel
0,,50,,3,6.1929909946224075,MultilayerTransformerBlockModel
0,,50,,3,6.234018093569194,MultilayerTransformerBlockModel
0,,50,,3,7.299419692796795,MultilayerTransformerBlockModel
0,,50,,3,7.2425056362360065,MultilayerTransformerBlockModel
0,,50,,3,6.879952376187726,MultilayerTransformerBlockModel
0,,50,,3,6.700945188855621,MultilayerTransformerBlockModel
0,,50,,3,6.633042819904183,MultilayerTransformerBlockModel
0,,50,,3,6.3932996065185455,MultilayerTransformerBlockModel
0,,50,,3,6.517851673909393,MultilayerTransformerBlockModel
0,,50,,3,6.300983985108741,MultilayerTransformerBlockModel
0,,50,,3,7.083611639381182,MultilayerTransformerBlockModel
0,,50,,3,6.503754683936046,MultilayerTransformerBlockModel
0,,50,,3,6.985754705652807,MultilayerTransformerBlockModel
0,,50,,3,6.392447082686474,MultilayerTransformerBlockModel
0,,50,,3,6.66474646713677,MultilayerTransformerBlockModel
0,,50,,3,6.084608335076577,MultilayerTransformerBlockModel
0,,50,,4,6.777495444419324,MultilayerTransformerBlockModel
0,,50,,4,6.927542400972406,MultilayerTransformerBlockModel
0,,50,,4,6.201093959475884,MultilayerTransformerBlockModel
0,,50,,4,6.218362576708483,MultilayerTransformerBlockModel
0,,50,,4,7.0898097594868235,MultilayerTransformerBlockModel
0,,50,,4,6.829224806060453,MultilayerTransformerBlockModel
0,,50,,4,6.53367519274965,MultilayerTransformerBlockModel
0,,50,,4,6.605416064690832,MultilayerTransformerBlockModel
0,,50,,4,6.346232496572329,MultilayerTransformerBlockModel
0,,50,,4,6.790469227183136,MultilayerTransformerBlockModel
0,,50,,4,6.556242805496962,MultilayerTransformerBlockModel
0,,50,,4,6.094576324418207,MultilayerTransformerBlockModel
0,,50,,4,6.347000727637421,MultilayerTransformerBlockModel
0,,50,,4,6.326260007525888,MultilayerTransformerBlockModel
0,,50,,4,7.34174492995759,MultilayerTransformerBlockModel
0,,50,,4,7.033486678011201,MultilayerTransformerBlockModel
0,,50,,4,6.999192058028368,MultilayerTransformerBlockModel
0,,50,,4,6.667676077598489,MultilayerTransformerBlockModel
0,,50,,4,6.40271075597199,MultilayerTransformerBlockModel
0,,50,,4,6.177286288281339,MultilayerTransformerBlockModel
0,,50,,4,6.214017426815388,MultilayerTransformerBlockModel
0,,50,,4,5.899748850827224,MultilayerTransformerBlockModel
0,,50,,4,6.753169811656538,MultilayerTransformerBlockModel
0,,50,,4,7.171331335392502,MultilayerTransformerBlockModel
0,,50,,4,7.007611592812545,MultilayerTransformerBlockModel
0,,50,,4,6.7069790740161945,MultilayerTransformerBlockModel
0,,50,,4,6.734777609958525,MultilayerTransformerBlockModel
0,,50,,4,6.4159311302885325,MultilayerTransformerBlockModel
0,,50,,4,6.644856448240164,MultilayerTransformerBlockModel
0,,50,,4,6.551800122912643,MultilayerTransformerBlockModel
0,,50,,4,6.981038407881511,MultilayerTransformerBlockModel
0,,50,,4,6.621616014587858,MultilayerTransformerBlockModel
0,,50,,4,5.902426017182989,MultilayerTransformerBlockModel
0,,50,,4,6.733283304611703,MultilayerTransformerBlockModel
0,,50,,4,6.508503230446566,MultilayerTransformerBlockModel
0,,50,,4,6.671949156148164,MultilayerTransformerBlockModel
0,,50,,4,6.09491519566303,MultilayerTransformerBlockModel
0,,50,,4,6.436534576344951,MultilayerTransformerBlockModel
0,,50,,4,7.66402585799583,MultilayerTransformerBlockModel
0,,50,,4,7.074480225249017,MultilayerTransformerBlockModel
0,,50,,4,5.737632504270774,MultilayerTransformerBlockModel
0,,50,,4,7.430116773222013,MultilayerTransformerBlockModel
0,,50,,4,6.476153235073855,MultilayerTransformerBlockModel
0,,50,,4,5.471069279518291,MultilayerTransformerBlockModel
0,,50,,4,7.335389772852748,MultilayerTransformerBlockModel
0,,50,,4,7.051034780576635,MultilayerTransformerBlockModel
0,,50,,4,6.839228947387049,MultilayerTransformerBlockModel
0,,50,,4,6.129820281580736,MultilayerTransformerBlockModel
0,,50,,4,6.95238714458889,MultilayerTransformerBlockModel
0,,50,,4,7.0288621193050265,MultilayerTransformerBlockModel
0,,50,,5,6.147078634827379,MultilayerTransformerBlockModel
0,,50,,5,6.253514456103768,MultilayerTransformerBlockModel
0,,50,,5,6.746347373300937,MultilayerTransformerBlockModel
0,,50,,5,6.867161000496155,MultilayerTransformerBlockModel
0,,50,,5,7.08582453011445,MultilayerTransformerBlockModel
0,,50,,5,6.317115106395959,MultilayerTransformerBlockModel
0,,50,,5,6.810822440043864,MultilayerTransformerBlockModel
0,,50,,5,6.370593179988661,MultilayerTransformerBlockModel
0,,50,,5,6.505286152681926,MultilayerTransformerBlockModel
0,,50,,5,7.159319997165435,MultilayerTransformerBlockModel
0,,50,,5,6.413059142284,MultilayerTransformerBlockModel
0,,50,,5,6.47322098965336,MultilayerTransformerBlockModel
0,,50,,5,6.301518397280674,MultilayerTransformerBlockModel
0,,50,,5,6.6491925928055275,MultilayerTransformerBlockModel
0,,50,,5,6.932975809904036,MultilayerTransformerBlockModel
0,,50,,5,6.778736499941003,MultilayerTransformerBlockModel
0,,50,,5,5.830188396688444,MultilayerTransformerBlockModel
0,,50,,5,6.248390238223362,MultilayerTransformerBlockModel
0,,50,,5,6.5875190866024464,MultilayerTransformerBlockModel
0,,50,,5,7.645875118178131,MultilayerTransformerBlockModel
0,,50,,5,6.270920264092329,MultilayerTransformerBlockModel
0,,50,,5,6.953883326039936,MultilayerTransformerBlockModel
0,,50,,5,7.097870840292023,MultilayerTransformerBlockModel
0,,50,,5,6.197818356614342,MultilayerTransformerBlockModel
0,,50,,5,6.1273693332638794,MultilayerTransformerBlockModel
0,,50,,5,5.608755176006884,MultilayerTransformerBlockModel
0,,50,,5,7.174600165914617,MultilayerTransformerBlockModel
0,,50,,5,6.189482834034946,MultilayerTransformerBlockModel
0,,50,,5,5.9588064951169395,MultilayerTransformerBlockModel
0,,50,,5,6.586996483788099,MultilayerTransformerBlockModel
0,,50,,5,6.942394661574244,MultilayerTransformerBlockModel
0,,50,,5,6.755162316768658,MultilayerTransformerBlockModel
0,,50,,5,6.409731206784271,MultilayerTransformerBlockModel
0,,50,,5,7.026610413464084,MultilayerTransformerBlockModel
0,,50,,5,5.849391223859106,MultilayerTransformerBlockModel
0,,50,,5,7.152860001475729,MultilayerTransformerBlockModel
0,,50,,5,6.519810946910136,MultilayerTransformerBlockModel
0,,50,,5,6.945457861225081,MultilayerTransformerBlockModel
0,,50,,5,6.468267547883457,MultilayerTransformerBlockModel
0,,50,,5,6.146992968724814,MultilayerTransformerBlockModel
0,,50,,5,7.064227435351964,MultilayerTransformerBlockModel
0,,50,,5,6.543741939408826,MultilayerTransformerBlockModel
0,,50,,5,6.699211804720433,MultilayerTransformerBlockModel
0,,50,,5,5.551971435541243,MultilayerTransformerBlockModel
0,,50,,5,6.794306393680895,MultilayerTransformerBlockModel
0,,50,,5,6.438553715406126,MultilayerTransformerBlockModel
0,,50,,5,7.512673802674962,MultilayerTransformerBlockModel
0,,50,,5,6.054173901577078,MultilayerTransformerBlockModel
0,,50,,5,6.708585875451708,MultilayerTransformerBlockModel
0,,50,,5,5.881465053151396,MultilayerTransformerBlockModel
0,,50,,6,7.146614562408889,MultilayerTransformerBlockModel
0,,50,,6,7.223794327359292,MultilayerTransformerBlockModel
0,,50,,6,7.005682599279807,MultilayerTransformerBlockModel
0,,50,,6,6.891243029955367,MultilayerTransformerBlockModel
0,,50,,6,6.502671556536573,MultilayerTransformerBlockModel
0,,50,,6,6.58598048673496,MultilayerTransformerBlockModel
0,,50,,6,6.14587661497465,MultilayerTransformerBlockModel
0,,50,,6,6.597920564452415,MultilayerTransformerBlockModel
0,,50,,6,6.844371627609247,MultilayerTransformerBlockModel
0,,50,,6,6.800121503142044,MultilayerTransformerBlockModel
0,,50,,6,7.691586281166868,MultilayerTransformerBlockModel
0,,50,,6,8.156465679725708,MultilayerTransformerBlockModel
0,,50,,6,7.315484520223765,MultilayerTransformerBlockModel
0,,50,,6,6.090797156407728,MultilayerTransformerBlockModel
0,,50,,6,7.008404539737315,MultilayerTransformerBlockModel
0,,50,,6,5.853436154272866,MultilayerTransformerBlockModel
0,,50,,6,6.315715594917583,MultilayerTransformerBlockModel
0,,50,,6,6.302039321039561,MultilayerTransformerBlockModel
0,,50,,6,6.5239504319220565,MultilayerTransformerBlockModel
0,,50,,6,6.368848086417446,MultilayerTransformerBlockModel
0,,50,,6,6.015827594929794,MultilayerTransformerBlockModel
0,,50,,6,6.306803918957983,MultilayerTransformerBlockModel
0,,50,,6,6.517805550200829,MultilayerTransformerBlockModel
0,,50,,6,7.623285804528418,MultilayerTransformerBlockModel
0,,50,,6,6.49919529397871,MultilayerTransformerBlockModel
0,,50,,6,6.750515364924757,MultilayerTransformerBlockModel
0,,50,,6,6.146760458727995,MultilayerTransformerBlockModel
0,,50,,6,6.442153904042598,MultilayerTransformerBlockModel
0,,50,,6,6.905434213332858,MultilayerTransformerBlockModel
0,,50,,6,7.1146885459457385,MultilayerTransformerBlockModel
0,,50,,6,6.797864309311545,MultilayerTransformerBlockModel
0,,50,,6,6.643543837003949,MultilayerTransformerBlockModel
0,,50,,6,6.460225579104806,MultilayerTransformerBlockModel
0,,50,,6,7.005707327096833,MultilayerTransformerBlockModel
0,,50,,6,6.917268871768755,MultilayerTransformerBlockModel
0,,50,,6,6.4214191567074925,MultilayerTransformerBlockModel
0,,50,,6,7.034023016437506,MultilayerTransformerBlockModel
0,,50,,6,6.886262567306848,MultilayerTransformerBlockModel
0,,50,,6,6.822384455132629,MultilayerTransformerBlockModel
0,,50,,6,6.281143609721855,MultilayerTransformerBlockModel
0,,50,,6,6.282394652826603,MultilayerTransformerBlockModel
0,,50,,6,5.37364998553024,MultilayerTransformerBlockModel
0,,50,,6,6.527407918949797,MultilayerTransformerBlockModel
0,,50,,6,6.90900059340128,MultilayerTransformerBlockModel
0,,50,,6,6.617121430251418,MultilayerTransformerBlockModel
0,,50,,6,6.932167034001704,MultilayerTransformerBlockModel
0,,50,,6,7.144874858357045,MultilayerTransformerBlockModel
0,,50,,6,6.517359435709115,MultilayerTransformerBlockModel
0,,50,,6,6.965632354049077,MultilayerTransformerBlockModel
0,,50,,6,6.544804768683562,MultilayerTransformerBlockModel
0,,50,,7,7.320669021361942,MultilayerTransformerBlockModel
0,,50,,7,6.707758344641378,MultilayerTransformerBlockModel
0,,50,,7,6.191715430909986,MultilayerTransformerBlockModel
0,,50,,7,7.042481853132793,MultilayerTransformerBlockModel
0,,50,,7,6.626977781513713,MultilayerTransformerBlockModel
0,,50,,7,7.1446726511951,MultilayerTransformerBlockModel
0,,50,,7,6.485239313988873,MultilayerTransformerBlockModel
0,,50,,7,6.878269759449294,MultilayerTransformerBlockModel
0,,50,,7,6.784161431043278,MultilayerTransformerBlockModel
0,,50,,7,6.713921733025501,MultilayerTransformerBlockModel
0,,50,,7,6.7037747056754995,MultilayerTransformerBlockModel
0,,50,,7,6.916492042693725,MultilayerTransformerBlockModel
0,,50,,7,6.999640563890213,MultilayerTransformerBlockModel
0,,50,,7,6.836885600131027,MultilayerTransformerBlockModel
0,,50,,7,6.5531223193520685,MultilayerTransformerBlockModel
0,,50,,7,6.727917531070897,MultilayerTransformerBlockModel
0,,50,,7,5.922754839551185,MultilayerTransformerBlockModel
0,,50,,7,7.078281573520713,MultilayerTransformerBlockModel
0,,50,,7,5.727171167077899,MultilayerTransformerBlockModel
0,,50,,7,6.943072383921798,MultilayerTransformerBlockModel
0,,50,,7,7.225154418759806,MultilayerTransformerBlockModel
0,,50,,7,6.265362360102154,MultilayerTransformerBlockModel
0,,50,,7,6.432545191020314,MultilayerTransformerBlockModel
0,,50,,7,7.2714625071810115,MultilayerTransformerBlockModel
0,,50,,7,6.489667131066418,MultilayerTransformerBlockModel
0,,50,,7,5.791599000085188,MultilayerTransformerBlockModel
0,,50,,7,6.355409416458775,MultilayerTransformerBlockModel
0,,50,,7,7.601789813522415,MultilayerTransformerBlockModel
0,,50,,7,6.521649028627135,MultilayerTransformerBlockModel
0,,50,,7,7.040920045835987,MultilayerTransformerBlockModel
0,,50,,7,6.8275259928904495,MultilayerTransformerBlockModel
0,,50,,7,7.008666446633116,MultilayerTransformerBlockModel
0,,50,,7,5.947019365640504,MultilayerTransformerBlockModel
0,,50,,7,6.241634030226301,MultilayerTransformerBlockModel
0,,50,,7,6.5141863695283,MultilayerTransformerBlockModel
0,,50,,7,6.5720590563194685,MultilayerTransformerBlockModel
0,,50,,7,7.7569426677713125,MultilayerTransformerBlockModel
0,,50,,7,6.247917460116878,MultilayerTransformerBlockModel
0,,50,,7,6.641533672837577,MultilayerTransformerBlockModel
0,,50,,7,6.385101578059794,MultilayerTransformerBlockModel
0,,50,,7,6.545406713662376,MultilayerTransformerBlockModel
0,,50,,7,5.5888573831362285,MultilayerTransformerBlockModel
0,,50,,7,6.5915274507869475,MultilayerTransformerBlockModel
0,,50,,7,7.193359393283457,MultilayerTransformerBlockModel
0,,50,,7,6.7310159865992825,MultilayerTransformerBlockModel
0,,50,,7,6.035121844151825,MultilayerTransformerBlockModel
0,,50,,7,6.492400483777338,MultilayerTransformerBlockModel
0,,50,,7,6.598366358216364,MultilayerTransformerBlockModel
0,,50,,7,6.775246079449844,MultilayerTransformerBlockModel
0,,50,,7,7.090968424972444,MultilayerTransformerBlockModel
0,,50,,8,6.4374574982734885,MultilayerTransformerBlockModel
0,,50,,8,6.016525485410468,MultilayerTransformerBlockModel
0,,50,,8,7.167474753316045,MultilayerTransformerBlockModel
0,,50,,8,6.890144077457875,MultilayerTransformerBlockModel
0,,50,,8,6.5526891437922865,MultilayerTransformerBlockModel
0,,50,,8,6.737556486468872,MultilayerTransformerBlockModel
0,,50,,8,6.858810901910334,MultilayerTransformerBlockModel
0,,50,,8,6.854190780993509,MultilayerTransformerBlockModel
0,,50,,8,6.910450923486026,MultilayerTransformerBlockModel
0,,50,,8,6.786630060397728,MultilayerTransformerBlockModel
0,,50,,8,6.276718797997831,MultilayerTransformerBlockModel
0,,50,,8,6.579402374079482,MultilayerTransformerBlockModel
0,,50,,8,7.120620539859448,MultilayerTransformerBlockModel
0,,50,,8,7.163947061154502,MultilayerTransformerBlockModel
0,,50,,8,5.67188961833202,MultilayerTransformerBlockModel
0,,50,,8,6.179794715971846,MultilayerTransformerBlockModel
0,,50,,8,7.142506973119666,MultilayerTransformerBlockModel
0,,50,,8,6.176961489706269,MultilayerTransformerBlockModel
0,,50,,8,6.59288980748488,MultilayerTransformerBlockModel
0,,50,,8,6.270355776739083,MultilayerTransformerBlockModel
0,,50,,8,6.311494625073387,MultilayerTransformerBlockModel
0,,50,,8,6.122151581647955,MultilayerTransformerBlockModel
0,,50,,8,7.248788787081468,MultilayerTransformerBlockModel
0,,50,,8,6.543855635852508,MultilayerTransformerBlockModel
0,,50,,8,5.788748230966054,MultilayerTransformerBlockModel
0,,50,,8,5.631814775536007,MultilayerTransformerBlockModel
0,,50,,8,6.507557584525829,MultilayerTransformerBlockModel
0,,50,,8,5.9772749915572305,MultilayerTransformerBlockModel
0,,50,,8,6.434857520462482,MultilayerTransformerBlockModel
0,,50,,8,6.764977796757069,MultilayerTransformerBlockModel
0,,50,,8,6.1933396991251275,MultilayerTransformerBlockModel
0,,50,,8,7.064041359838918,MultilayerTransformerBlockModel
0,,50,,8,7.471859068876471,MultilayerTransformerBlockModel
0,,50,,8,6.637250429875009,MultilayerTransformerBlockModel
0,,50,,8,6.226376260603392,MultilayerTransformerBlockModel
0,,50,,8,6.213504754411166,MultilayerTransformerBlockModel
0,,50,,8,6.316833858571865,MultilayerTransformerBlockModel
0,,50,,8,7.829245632432622,MultilayerTransformerBlockModel
0,,50,,8,7.629118877078552,MultilayerTransformerBlockModel
0,,50,,8,6.890985045593894,MultilayerTransformerBlockModel
0,,50,,8,6.878489882127929,MultilayerTransformerBlockModel
0,,50,,8,5.720550147521689,MultilayerTransformerBlockModel
0,,50,,8,6.395932146709432,MultilayerTransformerBlockModel
0,,50,,8,7.011835613306321,MultilayerTransformerBlockModel
0,,50,,8,6.336858833762437,MultilayerTransformerBlockModel
0,,50,,8,7.142029098975839,MultilayerTransformerBlockModel
0,,50,,8,7.417005434740384,MultilayerTransformerBlockModel
0,,50,,8,6.140072658969618,MultilayerTransformerBlockModel
0,,50,,8,6.276135993168442,MultilayerTransformerBlockModel
0,,50,,8,7.311302828568118,MultilayerTransformerBlockModel
0,,50,,9,6.379349951787024,MultilayerTransformerBlockModel
0,,50,,9,6.203939578289634,MultilayerTransformerBlockModel
0,,50,,9,6.25764501744512,MultilayerTransformerBlockModel
0,,50,,9,6.2958296199828885,MultilayerTransformerBlockModel
0,,50,,9,6.506122117713113,MultilayerTransformerBlockModel
0,,50,,9,5.65294289758888,MultilayerTransformerBlockModel
0,,50,,9,6.307693545815303,MultilayerTransformerBlockModel
0,,50,,9,6.8158765713920815,MultilayerTransformerBlockModel
0,,50,,9,5.947325652255244,MultilayerTransformerBlockModel
0,,50,,9,6.511588130813357,MultilayerTransformerBlockModel
0,,50,,9,6.731280361856827,MultilayerTransformerBlockModel
0,,50,,9,6.574270253238338,MultilayerTransformerBlockModel
0,,50,,9,7.111677700416537,MultilayerTransformerBlockModel
0,,50,,9,6.859957024686011,MultilayerTransformerBlockModel
0,,50,,9,6.80721563871256,MultilayerTransformerBlockModel
0,,50,,9,7.62144609887866,MultilayerTransformerBlockModel
0,,50,,9,6.161790781999812,MultilayerTransformerBlockModel
0,,50,,9,6.703078914287067,MultilayerTransformerBlockModel
0,,50,,9,6.62566974502785,MultilayerTransformerBlockModel
0,,50,,9,6.393986951669252,MultilayerTransformerBlockModel
0,,50,,9,7.718442372472172,MultilayerTransformerBlockModel
0,,50,,9,7.284122892090784,MultilayerTransformerBlockModel
0,,50,,9,6.54146398754073,MultilayerTransformerBlockModel
0,,50,,9,6.891608201335873,MultilayerTransformerBlockModel
0,,50,,9,7.36869575241406,MultilayerTransformerBlockModel
0,,50,,9,6.663552751505655,MultilayerTransformerBlockModel
0,,50,,9,7.640699165194735,MultilayerTransformerBlockModel
0,,50,,9,6.4096829881311175,MultilayerTransformerBlockModel
0,,50,,9,6.250698242780007,MultilayerTransformerBlockModel
0,,50,,9,7.744127805906633,MultilayerTransformerBlockModel
0,,50,,9,6.517703216101234,MultilayerTransformerBlockModel
0,,50,,9,6.487666353103962,MultilayerTransformerBlockModel
0,,50,,9,5.994196519937808,MultilayerTransformerBlockModel
0,,50,,9,6.550346369990982,MultilayerTransformerBlockModel
0,,50,,9,6.719322707388092,MultilayerTransformerBlockModel
0,,50,,9,6.659059764788059,MultilayerTransformerBlockModel
0,,50,,9,5.90378006632424,MultilayerTransformerBlockModel
0,,50,,9,7.0151573276283985,MultilayerTransformerBlockModel
0,,50,,9,6.809485198540347,MultilayerTransformerBlockModel
0,,50,,9,6.575066769936314,MultilayerTransformerBlockModel
0,,50,,9,6.25911050699519,MultilayerTransformerBlockModel
0,,50,,9,6.109737231970393,MultilayerTransformerBlockModel
0,,50,,9,6.49008696050163,MultilayerTransformerBlockModel
0,,50,,9,6.047645059101103,MultilayerTransformerBlockModel
0,,50,,9,6.828539858621561,MultilayerTransformerBlockModel
0,,50,,9,6.444959324292258,MultilayerTransformerBlockModel
0,,50,,9,5.720748288167228,MultilayerTransformerBlockModel
0,,50,,9,5.958857097106585,MultilayerTransformerBlockModel
0,,50,,9,6.407381871012061,MultilayerTransformerBlockModel
0,,50,,9,6.758716348605181,MultilayerTransformerBlockModel
